poloniex_price,binance_price,kucoin_price,time

0.00320934,0.00322300,0.00321299,1515456727.499056
0.00326047,0.00322300,0.00321299,1515456758.773976
0.00321002,0.00322300,0.00321299,1515456976.456385
0.00320181,0.00322300,0.003214,1515457011.38065
0.00320000,0.00322300,0.003214,1515457042.20859
0.00320181,0.00322300,0.003214,1515457073.071384
0.00322605,0.00322300,0.003214,1515457103.911969
0.00322604,0.00323300,0.003199,1515457134.755927
0.00322604,0.00324100,0.003199,1515457165.579624
0.00322604,0.00324100,0.003199,1515457196.508301
0.00322604,0.00324100,0.003199,1515457227.368511
0.00322604,0.00325800,0.003199,1515457258.257837
0.00322606,0.00323900,0.003199,1515457289.094919
0.00324214,0.00325100,0.003199,1515457319.930725
0.00324214,0.00325800,0.003199,1515457355.770267
0.00324214,0.00324500,0.003199,1515457389.13159
0.00324214,0.00325800,0.003199,1515457420.798305
0.00324214,0.00325000,0.003199,1515457451.626315
0.00325671,0.00325000,0.003199,1515457482.569868
0.00325671,0.00325000,0.003199,1515457513.430953
0.00325671,0.00324900,0.003199,1515457544.254783
0.00325671,0.00324900,0.003199,1515457575.103167
0.00325671,0.00324900,0.003199,1515457605.954884
0.00321944,0.00324800,0.003199,1515457636.796836
0.00321944,0.00324800,0.00315962,1515457667.637352
0.00323045,0.00324800,0.00315962,1515457698.516592
0.00323045,0.00323000,0.00315962,1515457729.348552
0.00323045,0.00324400,0.00315962,1515457760.16432
0.00323044,0.00324200,0.00315962,1515457792.030979
0.00323044,0.00324000,0.00315962,1515457822.869542
0.00323044,0.00323800,0.00315962,1515457854.015874
0.00323044,0.00323800,0.00315962,1515457884.85772
0.00323044,0.00322500,0.00315962,1515457915.715253
0.00323044,0.00322300,0.00315962,1515457946.539503
0.00323044,0.00322600,0.00315962,1515457977.386354
0.00323044,0.00322600,0.00315962,1515458008.261267
0.00323044,0.00322500,0.00315962,1515458039.114501
0.00323044,0.00322600,0.00315962,1515458069.95574
0.00323044,0.00322600,0.00315962,1515458100.830757
0.00323044,0.00322600,0.00315962,1515458131.669242
0.00324367,0.00322600,0.00315962,1515458162.504343
0.00324367,0.00322600,0.00315962,1515458193.424247
0.00323045,0.00321200,0.00315962,1515458224.30366
0.00323045,0.00322400,0.00315962,1515458255.12598
0.00326865,0.00322300,0.00315601,1515458285.95205
0.00326852,0.00322300,0.00315601,1515458316.78672
0.00323047,0.00322300,0.00319899,1515458347.617705
0.00323047,0.00322200,0.00319899,1515458378.45069
0.00323047,0.00320900,0.00319899,1515458409.291863
0.00323055,0.00319600,0.00319899,1515458440.199202
0.00323054,0.00321100,0.00319899,1515458471.026598
0.00323054,0.00325700,0.00319899,1515458501.856245
0.00323054,0.00325700,0.00319899,1515458532.699371
0.00325015,0.00325600,0.003214,1515458563.7949
0.00325015,0.00325600,0.003214,1515458594.642792
0.00325015,0.00325600,0.003214,1515458625.602762
0.00326969,0.00325600,0.003214,1515458656.460368
0.00326969,0.00325600,0.003214,1515458687.308769
0.00326969,0.00324100,0.003214,1515458718.129632
0.00326969,0.00323900,0.003214,1515458748.965503
0.00326969,0.00323800,0.003214,1515458779.795998
0.00323049,0.00322500,0.003214,1515458810.637182
0.00323049,0.00323000,0.00319899,1515458841.512003
0.00323049,0.00323300,0.00319899,1515458872.52484
0.00323049,0.00325000,0.00315605,1515458903.396311
0.00323049,0.00323000,0.00315605,1515458934.205743
0.00323047,0.00320200,0.00315605,1515458965.039762
0.00323047,0.00321100,0.00315605,1515458995.864522
0.00323047,0.00321100,0.00315605,1515459026.685909
0.00323047,0.00324800,0.00315605,1515459057.526681
0.00323047,0.00324800,0.00315605,1515459088.365434
0.00323046,0.00324800,0.00315605,1515459119.200365
0.00323046,0.00324800,0.00315605,1515459150.024224
0.00323046,0.00323100,0.003214,1515459180.857721
0.00323046,0.00323100,0.003214,1515459211.689669
0.00323046,0.00323800,0.003214,1515459242.541098
0.00322000,0.00323300,0.003214,1515459273.411269
0.00322000,0.00323100,0.003214,1515459304.254861
0.00322000,0.00321500,0.00315909,1515459335.07935
0.00321919,0.00323000,0.00315909,1515459365.988019
0.00321919,0.00323000,0.00315909,1515459396.908456
0.00321919,0.00323000,0.00315909,1515459427.731811
0.00321999,0.00322800,0.00315909,1515459458.546914
0.00321999,0.00322800,0.003213,1515459489.388156
0.00322000,0.00322800,0.003213,1515459520.296441
0.00322000,0.00323000,0.003213,1515459551.125793
0.00322000,0.00323000,0.003213,1515459581.93109
0.00322000,0.00323000,0.003213,1515459612.742767
0.00322000,0.00323100,0.003213,1515459643.702388
0.00322886,0.00321800,0.003213,1515459674.547427
0.00322886,0.00321800,0.003213,1515459705.420088
0.00322886,0.00320700,0.003213,1515459736.261543
0.00322886,0.00324800,0.003213,1515459767.532154
0.00322886,0.00324800,0.00318,1515459798.365598
0.00322886,0.00325000,0.003214,1515459829.198658
0.00322886,0.00325000,0.003214,1515459860.023062
0.00322886,0.00322800,0.003214,1515459891.025807
0.00323050,0.00324600,0.003214,1515459921.966956
0.00322659,0.00321200,0.003214,1515459953.063123
0.00322659,0.00321200,0.003214,1515459983.949826
0.00322659,0.00324300,0.003214,1515460014.804532
0.00322659,0.00324200,0.003214,1515460045.64619
0.00322659,0.00324000,0.003214,1515460076.490857
0.00322659,0.00324000,0.003214,1515460107.325505
0.00322659,0.00324000,0.003214,1515460138.162659
0.00322659,0.00323900,0.003214,1515460169.008269
0.00322659,0.00324200,0.003214,1515460200.635071
0.00322659,0.00322300,0.003283,1515460231.484292
0.00322050,0.00322300,0.003283,1515460263.349015
0.00322050,0.00322300,0.003283,1515460294.222132
0.00322000,0.00322300,0.003283,1515460325.050324
0.00322000,0.00322300,0.00328499,1515460355.886051
0.00322000,0.00322300,0.00328499,1515460386.714406
0.00322000,0.00322200,0.00328499,1515460417.538356
0.00322000,0.00322200,0.003283,1515460448.410104
0.00322000,0.00321300,0.003283,1515460479.375602
0.00322262,0.00322200,0.003283,1515460510.213811
0.00322262,0.00321700,0.003283,1515460541.153383
0.00322525,0.00325400,0.003283,1515460572.010444
0.00322525,0.00325400,0.003283,1515460602.879993
0.00322525,0.00325200,0.003283,1515460633.703794
0.00323050,0.00325200,0.003283,1515460664.565684
0.00323050,0.00325200,0.003283,1515460695.429919
0.00323050,0.00325000,0.003283,1515460726.338323
0.00323050,0.00325400,0.003283,1515460757.213073
0.00323050,0.00325700,0.003283,1515460788.120817
0.00323050,0.00325000,0.003283,1515460818.995005
0.00323050,0.00322500,0.003283,1515460849.842207
0.00324465,0.00325600,0.003283,1515460880.715006
0.00324465,0.00325700,0.003283,1515460911.558111
0.00324465,0.00325700,0.003283,1515460942.432938
0.00324465,0.00326100,0.00317601,1515460974.386085
0.00326969,0.00325700,0.00317601,1515461005.229192
0.00326969,0.00326700,0.00317601,1515461036.086228
0.00326969,0.00326700,0.00317601,1515461067.025316
0.00326969,0.00326700,0.00317601,1515461097.904561
0.00326969,0.00326700,0.00317601,1515461128.750791
0.00326969,0.00326000,0.00317601,1515461159.617741
0.00326969,0.00326700,0.00317601,1515461190.480129
0.00326969,0.00326000,0.00317601,1515461221.381704
0.00326968,0.00328300,0.00318002,1515461252.187858
0.00326968,0.00328300,0.00318002,1515461283.017982
0.00323370,0.00326800,0.00318002,1515461313.843736
0.00326968,0.00326900,0.00325695,1515461344.686596
0.00326968,0.00326100,0.00325695,1515461375.53788
0.00326968,0.00326500,0.00325695,1515461406.467477
0.00326968,0.00326700,0.003184,1515461437.34378
0.00326968,0.00327600,0.003184,1515461468.180761
0.00327361,0.00328100,0.003184,1515461500.344085
0.00328813,0.00327600,0.00325999,1515461531.722922
0.00328813,0.00326800,0.00325998,1515461562.559823
0.00328550,0.00328800,0.00325998,1515461593.451605
0.00328813,0.00326800,0.00325998,1515461624.443576
0.00328550,0.00328400,0.00325997,1515461655.386742
0.00328550,0.00328400,0.00325998,1515461686.425513
0.00328550,0.00327600,0.00325998,1515461717.897445
0.00328550,0.00327600,0.00325998,1515461748.735465
0.00328550,0.00328000,0.00325998,1515461779.84152
0.00328550,0.00331000,0.00325998,1515461811.517669
0.00328551,0.00327000,0.00319901,1515461842.49675
0.00328551,0.00327000,0.00319901,1515461874.185062
0.00328551,0.00328400,0.00325995,1515461905.034589
0.00328551,0.00332900,0.00325996,1515461935.868896
0.00328551,0.00330900,0.00325996,1515461966.810531
0.00328551,0.00330400,0.00326,1515461997.799648
0.00328551,0.00327300,0.00326,1515462028.697582
0.00328551,0.00329900,0.00326,1515462059.585953
0.00328551,0.00327100,0.00326,1515462090.706651
0.00328551,0.00329400,0.00326,1515462124.860399
0.00329500,0.00329200,0.00326,1515462155.919184
0.00330233,0.00329400,0.00326,1515462186.963522
0.00330235,0.00331000,0.00326,1515462217.846136
0.00330233,0.00332100,0.00326,1515462248.733034
0.00330233,0.00329900,0.00326,1515462279.581409
0.00330233,0.00329400,0.00326,1515462310.577791
0.00330235,0.00327700,0.00326,1515462341.431411
0.00330235,0.00327800,0.00326,1515462372.291696
0.00330235,0.00329500,0.00326,1515462403.168753
0.00330235,0.00330000,0.00326,1515462434.146886
0.00329000,0.00331100,0.00316,1515462465.650008
0.00329001,0.00329500,0.00316,1515462496.510579
0.00329001,0.00327100,0.00339499,1515462527.411522
0.00329123,0.00331500,0.00339499,1515462558.297595
0.00329156,0.00334100,0.00339499,1515462589.180151
0.00330233,0.00334100,0.00339499,1515462620.057474
0.00330496,0.00331500,0.00339499,1515462650.945876
0.00330500,0.00331500,0.00339499,1515462681.80843
0.00330500,0.00331600,0.00339499,1515462712.726823
0.00330500,0.00331600,0.00339499,1515462743.606663
0.00330500,0.00331600,0.00339299,1515462774.467472
0.00330500,0.00334000,0.00339299,1515462805.312502
0.00330500,0.00333200,0.00339299,1515462836.156676
0.00330500,0.00331900,0.00339299,1515462866.987068
0.00330500,0.00332400,0.00339299,1515462898.005191
0.00330500,0.00328200,0.00339299,1515462928.859223
0.00330500,0.00328100,0.00339299,1515462959.769147
0.00332478,0.00333100,0.00319802,1515462990.606395
0.00332478,0.00329300,0.00319802,1515463021.448455
0.00332478,0.00331700,0.00319802,1515463052.294856
0.00332480,0.00330000,0.003202,1515463083.456162
0.00332478,0.00328700,0.003203,1515463114.464652
0.00332478,0.00328700,0.003203,1515463145.311841
0.00332478,0.00329500,0.003203,1515463176.169599
0.00330500,0.00329500,0.003203,1515463207.019623
0.00330500,0.00328800,0.003203,1515463237.862978
0.00330500,0.00329400,0.003208,1515463268.701955
0.00330500,0.00329500,0.003208,1515463299.55971
0.00330501,0.00333800,0.003208,1515463330.598814
0.00330500,0.00328800,0.003208,1515463361.58981
0.00330500,0.00328200,0.003208,1515463392.493831
0.00330500,0.00328600,0.00321401,1515463423.555375
0.00330500,0.00328600,0.00321401,1515463454.475663
0.00330500,0.00328600,0.00321401,1515463485.359762
0.00330500,0.00328000,0.00321401,1515463516.389472
0.00330500,0.00328000,0.00321401,1515463547.269443
0.00330500,0.00328000,0.00321401,1515463578.109473
0.00330500,0.00328300,0.00321401,1515463608.981979
0.00330500,0.00328700,0.00321401,1515463639.887697
0.00330500,0.00328900,0.00321401,1515463670.785027
0.00330500,0.00328900,0.00321401,1515463701.684584
0.00330500,0.00328900,0.00321401,1515463732.526471
0.00330500,0.00328700,0.00321401,1515463763.42811
0.00330500,0.00328600,0.00321401,1515463794.30275
0.00330500,0.00328700,0.00321401,1515463827.852466
0.00330500,0.00328700,0.00321401,1515463858.704557
0.00330500,0.00328600,0.00321412,1515463889.598457
0.00330500,0.00328700,0.00321412,1515463920.476004
0.00330500,0.00328600,0.00321412,1515463951.42843
0.00330500,0.00328900,0.00321412,1515463982.330643
0.00330500,0.00328700,0.00321412,1515464013.190188
0.00330500,0.00332000,0.00321412,1515464051.442
0.00331482,0.00331900,0.00321412,1515464122.769417
0.00332178,0.00332200,0.00321412,1515464153.747008
0.00332478,0.00333000,0.00321412,1515464184.582732
0.00332478,0.00333000,0.003371,1515464225.65412
0.00332577,0.00332500,0.003371,1515464256.493191
0.00334908,0.00332500,0.003371,1515464287.404723
0.00332178,0.00332000,0.003371,1515464318.345058
0.00332178,0.00331900,0.003371,1515464349.241143
0.00332178,0.00330400,0.003371,1515464380.079883
0.00332178,0.00330600,0.003371,1515464410.916912
0.00334070,0.00330600,0.003371,1515464441.761254
0.00332178,0.00332500,0.003371,1515464481.10626
0.00332178,0.00332200,0.003371,1515464511.944287
0.00332178,0.00333400,0.003371,1515464542.809683
0.00332178,0.00333800,0.003371,1515464573.675247
0.00336514,0.00340000,0.00336399,1515464604.521931
0.00336514,0.00340200,0.00336298,1515464635.531923
0.00336851,0.00334700,0.00336298,1515464706.905143
0.00331940,0.00332900,0.00336298,1515464737.810637
0.00331940,0.00333500,0.00336298,1515464768.718039
0.00331940,0.00334200,0.00336298,1515464799.596707
0.00332159,0.00334500,0.003363,1515464830.429894
0.00335283,0.00333000,0.003362,1515464861.283381
0.00335282,0.00330900,0.003362,1515464932.676931
0.00330527,0.00329600,0.003362,1515464963.585572
0.00330527,0.00329900,0.003362,1515464994.532695
0.00330527,0.00330100,0.003362,1515465025.474079
0.00330527,0.00329900,0.003362,1515465056.43616
0.00330527,0.00330000,0.00330011,1515465087.341691
0.00330527,0.00329900,0.00330011,1515465118.239016
0.00330527,0.00329900,0.00330011,1515465149.089127
0.00335248,0.00329800,0.00330011,1515465180.013154
0.00335248,0.00329800,0.00330011,1515465210.962477
0.00335248,0.00330100,0.00330017,1515465241.861786
0.00335248,0.00330100,0.00330017,1515465274.150433
0.00335217,0.00330100,0.00330017,1515465305.035727
0.00335217,0.00330100,0.00339793,1515465376.555821
0.00335217,0.00330900,0.00339793,1515465407.410248
0.00335217,0.00330100,0.00339793,1515465438.28478
0.00335217,0.00331100,0.00339793,1515465469.160442
0.00335215,0.00331600,0.00339793,1515465500.023659
0.00335215,0.00331600,0.00335701,1515465530.868481
0.00335215,0.00331600,0.00335703,1515465561.743777
0.00335215,0.00331600,0.00335703,1515465602.695099
0.00335215,0.00331700,0.00335703,1515465633.575988
0.00335215,0.00331800,0.0034,1515465664.505653
0.00335215,0.00331700,0.0034,1515465695.411748
0.00335215,0.00331700,0.0034,1515465726.262115
0.00335000,0.00332100,0.0034,1515465757.106227
0.00334162,0.00330600,0.0034,1515465828.458066
0.00334162,0.00332000,0.0034,1515465899.931341
0.00330501,0.00331000,0.0034,1515465930.775427
0.00330501,0.00332000,0.0034,1515465961.635524
0.00330501,0.00332000,0.0034,1515465992.480009
0.00334161,0.00332000,0.0034,1515466023.315883
0.00334161,0.00332100,0.0034,1515466054.17081
0.00334161,0.00332100,0.0034,1515466085.122564
0.00334161,0.00331000,0.00335715,1515466115.991641
0.00334161,0.00332100,0.00335715,1515466146.835494
0.00330500,0.00332100,0.00335715,1515466187.763007
0.00334155,0.00332100,0.00335715,1515466218.690598
0.00334149,0.00332200,0.00335715,1515466249.531401
0.00334162,0.00332400,0.00335719,1515466280.380448
0.00334162,0.00332600,0.00335719,1515466311.289965
0.00334162,0.00332700,0.0034,1515466342.186969
0.00334162,0.00332800,0.00344858,1515466373.057821
0.00334162,0.00333900,0.00344858,1515466404.031017
0.00334162,0.00334000,0.00335701,1515466434.936326
0.00334162,0.00334000,0.00335701,1515466465.798488
0.00334162,0.00334700,0.00335701,1515466496.694783
0.00334162,0.00334800,0.00335701,1515466527.563532
0.00334162,0.00334900,0.00335701,1515466558.417723
0.00334162,0.00334900,0.00335701,1515466589.345557
0.00331297,0.00335200,0.00335701,1515466621.424547
0.00331296,0.00335100,0.00335701,1515466652.271012
0.00335740,0.00335300,0.00335701,1515466683.089149
0.00338157,0.00335700,0.00335701,1515466713.927578
0.00338157,0.00335600,0.00335701,1515466744.805746
0.00338157,0.00335700,0.00335707,1515466775.630116
0.00338157,0.00335800,0.00335707,1515466806.463153
0.00338157,0.00335900,0.00335707,1515466837.304771
0.00332718,0.00336700,0.00335707,1515466868.160432
0.00332718,0.00336200,0.00335707,1515466909.255194
0.00332718,0.00336300,0.00335707,1515466940.111495
0.00332718,0.00336500,0.00335707,1515466970.990478
0.00335739,0.00336600,0.00335707,1515467001.940375
0.00335739,0.00336500,0.00344842,1515467042.890095
0.00335739,0.00336700,0.00344842,1515467073.840936
0.00345000,0.00336700,0.00344842,1515467104.698056
0.00345754,0.00336700,0.00344842,1515467135.552084
0.00345754,0.00339000,0.00346301,1515467166.452579
0.00332941,0.00336800,0.00336101,1515467197.293503
0.00338209,0.00336800,0.00336101,1515467228.129035
0.00338209,0.00336900,0.00336102,1515467258.973834
0.00338211,0.00337000,0.00336102,1515467289.819743
0.00338211,0.00338800,0.00336199,1515467320.666225
0.00338211,0.00338800,0.00336199,1515467351.503791
0.00338236,0.00338800,0.00336199,1515467382.340426
0.00338236,0.00338800,0.00336199,1515467423.248125
0.00338236,0.00338800,0.00336199,1515467454.095955
0.00338270,0.00338700,0.00336199,1515467485.077796
0.00338270,0.00337500,0.00336199,1515467516.153566
0.00338285,0.00338600,0.00336199,1515467546.999503
0.00342815,0.00337000,0.00336199,1515467577.841787
0.00342815,0.00338300,0.00336199,1515467649.137155
0.00342815,0.00338300,0.00336199,1515467680.105977
0.00342815,0.00338700,0.00336199,1515467711.048804
0.00342815,0.00338300,0.00336199,1515467741.882608
0.00342815,0.00338300,0.00336199,1515467772.698206
0.00342815,0.00338300,0.00336199,1515467803.62196
0.00342815,0.00338500,0.003362,1515467834.426874
0.00342815,0.00337000,0.003362,1515467865.359286
0.00342648,0.00336100,0.003362,1515467897.203504
0.00342648,0.00335600,0.003362,1515467928.362842
0.00342597,0.00335600,0.003362,1515467959.253533
0.00342597,0.00333600,0.003362,1515468000.071424
0.00338419,0.00332400,0.00336205,1515468032.074936
0.00338417,0.00333000,0.00336205,1515468062.906983
0.00338414,0.00337000,0.00336205,1515468093.788086
0.00338414,0.00336700,0.00336205,1515468124.624837
0.00338414,0.00336700,0.00336205,1515468155.541849
0.00335278,0.00336100,0.00336205,1515468186.420428
0.00335278,0.00336100,0.00336205,1515468217.257807
0.00335278,0.00335900,0.003446,1515468248.099732
0.00335278,0.00335900,0.003446,1515468278.944003
0.00338403,0.00335500,0.003446,1515468313.684544
0.00335278,0.00336000,0.003446,1515468349.165986
0.00335278,0.00336100,0.003446,1515468380.078
0.00335278,0.00336100,0.00336216,1515468410.931405
0.00338396,0.00336100,0.0034,1515468482.340692
0.00340604,0.00336100,0.0034,1515468513.222958
0.00340605,0.00338100,0.0034,1515468544.051449
0.00340615,0.00338200,0.0034,1515468574.90698
0.00340615,0.00338200,0.0034,1515468605.83049
0.00340615,0.00338200,0.0034,1515468636.684403
0.00340615,0.00338200,0.0034,1515468667.595359
0.00340615,0.00339100,0.0034,1515468698.632274
0.00340615,0.00338400,0.0034,1515468729.47415
0.00340615,0.00338400,0.0034,1515468760.362814
0.00338743,0.00338600,0.00340001,1515468791.526711
0.00343426,0.00339300,0.00340001,1515468822.361741
0.00338748,0.00339500,0.00340001,1515468853.281228
0.00342982,0.00340000,0.0034,1515468884.183564
0.00342982,0.00340300,0.0034,1515468915.059677
0.00342982,0.00340300,0.0034,1515468945.902939
0.00342982,0.00340300,0.0034,1515468976.86557
0.00342982,0.00340000,0.0034,1515469007.778428
0.00342982,0.00340000,0.0034,1515469038.631649
0.00342918,0.00340000,0.0034,1515469069.516759
0.00342918,0.00341000,0.0034,1515469100.403815
0.00342918,0.00341100,0.0034,1515469131.298033
0.00338746,0.00339900,0.0034,1515469162.199816
0.00338746,0.00335000,0.0034,1515469193.080817
0.00335278,0.00334100,0.0034,1515469223.972349
0.00335278,0.00334200,0.0034,1515469254.831112
0.00338732,0.00334600,0.003401,1515469285.694609
0.00338732,0.00334600,0.00340001,1515469316.558536
0.00338709,0.00334700,0.00340001,1515469347.402387
0.00337995,0.00334900,0.00340001,1515469378.258091
0.00337995,0.00335000,0.00340001,1515469409.112378
0.00337995,0.00335100,0.00340001,1515469439.950181
0.00337995,0.00335100,0.00340001,1515469473.316299
0.00337995,0.00335200,0.0034,1515469504.367751
0.00337995,0.00335200,0.0034,1515469535.222483
0.00337995,0.00338000,0.0034,1515469566.085826
0.00337936,0.00338900,0.0034,1515469604.186347
0.00337999,0.00339100,0.0034,1515469635.014711
0.00338000,0.00338900,0.0034,1515469671.297357
0.00338000,0.00339100,0.0034,1515469702.129785
0.00337999,0.00340200,0.0034,1515469732.957355
0.00337999,0.00339800,0.0034,1515469763.78792
0.00334814,0.00339500,0.00340001,1515469794.648505
0.00337998,0.00339400,0.00340002,1515469825.480358
0.00334815,0.00339500,0.003402,1515469856.34726
0.00337998,0.00336500,0.003402,1515469887.172572
0.00334815,0.00339300,0.00346098,1515469918.005201
0.00334513,0.00336800,0.00346098,1515469948.856005
0.00334513,0.00339200,0.00346098,1515470020.157546
0.00336638,0.00338000,0.00346098,1515470054.119529
0.00336644,0.00338000,0.00346098,1515470084.976565
0.00336647,0.00339200,0.00346098,1515470115.822503
0.00341244,0.00339200,0.00346098,1515470146.695861
0.00341244,0.00339200,0.00340208,1515470177.528745
0.00340407,0.00339200,0.00340208,1515470208.353393
0.00340407,0.00339200,0.00340208,1515470242.68462
0.00340407,0.00339200,0.00340208,1515470273.530877
0.00334541,0.00340300,0.00340208,1515470304.356819
0.00334541,0.00341500,0.00340208,1515470335.240411
0.00340350,0.00341600,0.00340208,1515470366.126888
0.00340350,0.00343000,0.00340208,1515470396.976508
0.00340820,0.00343000,0.00340208,1515470427.807253
0.00341413,0.00343500,0.00340208,1515470458.64616
0.00341413,0.00344900,0.00340208,1515470489.585565
0.00342604,0.00345000,0.00340208,1515470520.447732
0.00343451,0.00345000,0.00340208,1515470551.29547
0.00343451,0.00349900,0.00340208,1515470582.148193
0.00344645,0.00346400,0.00340208,1515470613.035629
0.00344645,0.00346400,0.00340208,1515470643.892067
0.00344955,0.00343500,0.00340221,1515470674.727589
0.00345004,0.00339600,0.00340221,1515470705.646188
0.00340349,0.00335300,0.00340221,1515470737.318057
0.00333147,0.00334900,0.00340221,1515470768.154202
0.00334999,0.00334300,0.00340221,1515470798.994097
0.00339998,0.00334300,0.00340221,1515470830.17098
0.00339997,0.00338100,0.00340222,1515470861.139812
0.00335018,0.00337200,0.00340222,1515470891.975258
0.00339992,0.00337600,0.00340222,1515470922.810958
0.00339992,0.00335500,0.00340203,1515470962.603928
0.00339996,0.00337700,0.00340203,1515470993.454559
0.00339997,0.00337700,0.00340203,1515471024.368483
0.00339997,0.00337700,0.00340203,1515471061.386175
0.00339998,0.00337700,0.00340203,1515471092.207827
0.00339998,0.00338100,0.00340203,1515471126.212616
0.00339998,0.00338100,0.00340203,1515471157.102408
0.00339998,0.00338100,0.00340203,1515471187.974112
0.00339996,0.00338300,0.00340203,1515471218.834433
0.00339998,0.00338800,0.00340203,1515471249.807114
0.00340000,0.00338800,0.00340203,1515471280.749402
0.00340000,0.00338900,0.00340203,1515471311.617852
0.00340000,0.00338900,0.00340203,1515471342.537146
0.00340000,0.00339200,0.00346099,1515471422.461438
0.00340000,0.00339200,0.00346099,1515471453.392142
0.00340000,0.00338900,0.00346099,1515471484.238768
0.00339996,0.00338900,0.00346099,1515471516.163696
0.00339996,0.00339200,0.00346099,1515471547.07877
0.00339996,0.00339700,0.00346099,1515471577.941476
0.00339996,0.00339900,0.00346099,1515471608.778834
0.00339996,0.00339900,0.00346099,1515471640.077807
0.00339996,0.00340500,0.00346099,1515471681.42603
0.00339996,0.00342900,0.00346099,1515471712.236166
0.00341850,0.00349900,0.00346099,1515471743.048926
0.00345754,0.00348500,0.00346099,1515471773.855513
0.00346259,0.00348500,0.00345699,1515471804.663537
0.00345754,0.00348500,0.00345699,1515471842.594598
0.00345754,0.00348700,0.00345699,1515471873.459638
0.00345754,0.00341800,0.00345698,1515471914.285702
0.00343681,0.00341700,0.00345698,1515471945.189408
0.00343681,0.00342700,0.00345699,1515471976.12115
0.00342642,0.00348200,0.00345699,1515472006.949496
0.00341851,0.00344000,0.00345699,1515472037.797893
0.00341851,0.00347600,0.00345699,1515472068.717025
0.00342643,0.00345300,0.00345699,1515472099.673501
0.00345983,0.00348000,0.00345699,1515472130.53172
0.00345980,0.00348000,0.00345699,1515472161.367501
0.00345983,0.00348000,0.00345699,1515472192.200946
0.00345990,0.00348000,0.00345699,1515472223.062366
0.00345990,0.00345200,0.003409,1515472253.886885
0.00346666,0.00345500,0.003409,1515472284.845085
0.00345990,0.00345500,0.003409,1515472315.669525
0.00345990,0.00345500,0.003409,1515472346.53308
0.00347105,0.00343200,0.00345699,1515472377.357034
0.00346667,0.00345000,0.00345699,1515472408.186098
0.00346666,0.00345500,0.00345699,1515472439.139829
0.00346666,0.00345400,0.00345699,1515472469.991492
0.00346666,0.00345400,0.00345699,1515472502.024094
0.00346667,0.00345400,0.00345699,1515472532.87493
0.00346667,0.00345500,0.00345699,1515472563.736353
0.00346667,0.00345400,0.00340805,1515472594.613084
0.00346667,0.00345500,0.00340805,1515472625.499891
0.00348263,0.00345600,0.00340805,1515472656.481206
0.00347668,0.00345400,0.00340805,1515472687.316022
0.00346700,0.00345400,0.00341201,1515472718.229385
0.00349999,0.00346000,0.00341201,1515472749.083434
0.00345995,0.00347800,0.00341201,1515472779.90033
0.00345995,0.00348100,0.00341201,1515472810.730875
0.00345995,0.00346400,0.00341201,1515472841.559455
0.00345995,0.00346600,0.00341201,1515472872.417334
0.00345995,0.00348000,0.00346301,1515472903.277767
0.00345995,0.00348000,0.00346301,1515472934.142762
0.00346820,0.00346700,0.00346301,1515472967.937533
0.00346820,0.00347700,0.00346301,1515472998.766567
0.00346820,0.00347400,0.00353,1515473070.053959
0.00346820,0.00347700,0.0035301,1515473100.906584
0.00346820,0.00347300,0.00353,1515473131.759852
0.00346820,0.00347700,0.00353,1515473162.606891
0.00346820,0.00348000,0.00353,1515473193.450038
0.00346820,0.00346200,0.00353,1515473224.311395
0.00346820,0.00347000,0.00353,1515473255.182633
0.00346820,0.00347000,0.00353,1515473286.078994
0.00349775,0.00347000,0.00353,1515473316.937725
0.00349999,0.00346200,0.00353,1515473347.7883
0.00349999,0.00347900,0.00353,1515473378.625302
0.00349999,0.00348000,0.00353,1515473417.435654
0.00349999,0.00348000,0.00353,1515473448.270651
0.00348219,0.00348000,0.00353,1515473479.104027
0.00349999,0.00348300,0.00353,1515473509.963162
0.00349999,0.00348300,0.00353,1515473540.808282
0.00349999,0.00348400,0.00353,1515473572.658222
0.00349999,0.00348400,0.00353,1515473603.48547
0.00349999,0.00347400,0.00353,1515473634.990663
0.00349999,0.00348900,0.00341702,1515473665.84614
0.00349999,0.00348600,0.00341702,1515473737.131533
0.00349823,0.00350000,0.00341702,1515473767.962698
0.00349823,0.00350000,0.00341702,1515473798.822319
0.00349823,0.00350000,0.003402,1515473829.750092
0.00349823,0.00350000,0.00340201,1515473873.820993
0.00349823,0.00350000,0.00340201,1515473904.657639
0.00349823,0.00350200,0.00340201,1515473935.506885
0.00349823,0.00350100,0.00340201,1515473967.07373
0.00349799,0.00350400,0.00340201,1515473997.893088
0.00349799,0.00350400,0.00340201,1515474028.767392
0.00349799,0.00352400,0.00340201,1515474059.610058
0.00349797,0.00351500,0.00340201,1515474090.467498
0.00349797,0.00352500,0.00340201,1515474121.304068
0.00349797,0.00352500,0.00354999,1515474161.306794
0.00350000,0.00354500,0.00354999,1515474192.149749
0.00350000,0.00355500,0.00354999,1515474223.505347
0.00350000,0.00355500,0.00354999,1515474254.515187
0.00350190,0.00356000,0.00354999,1515474285.349522
0.00350365,0.00355700,0.00354999,1515474316.283668
0.00350821,0.00355800,0.00354999,1515474347.131046
0.00351192,0.00357000,0.00354999,1515474387.947882
0.00351800,0.00356200,0.00354999,1515474418.893319
0.00351800,0.00357900,0.00354999,1515474449.689658
0.00351800,0.00358000,0.00354999,1515474481.763111
0.00352210,0.00359500,0.00354999,1515474512.70817
0.00352519,0.00359100,0.00354998,1515474543.882616
0.00352625,0.00358000,0.00354998,1515474574.722473
0.00352625,0.00357700,0.00354998,1515474605.552764
0.00352625,0.00357500,0.00354998,1515474636.397496
0.00353289,0.00362100,0.00354998,1515474667.281564
0.00354031,0.00357500,0.003565,1515474698.1315
0.00354031,0.00356700,0.003565,1515474728.970953
0.00354031,0.00356800,0.003565,1515474769.811234
0.00354031,0.00359900,0.003565,1515474800.689297
0.00354200,0.00357100,0.003565,1515474831.56621
0.00354416,0.00357500,0.00354999,1515474862.392406
0.00354501,0.00359100,0.00354999,1515474893.209671
0.00354713,0.00359900,0.00354999,1515474924.059584
0.00355000,0.00363400,0.00354999,1515474964.890723
0.00355041,0.00367500,0.00354999,1515474995.715465
0.00355855,0.00367800,0.00354999,1515475026.62675
0.00356210,0.00368000,0.00354999,1515475065.270081
0.00356566,0.00368000,0.003565,1515475096.099457
0.00357000,0.00369000,0.003551,1515475126.950026
0.00357862,0.00370000,0.003551,1515475157.795934
0.00359122,0.00370000,0.003551,1515475188.612368
0.00359304,0.00371600,0.003551,1515475219.44213
0.00360099,0.00363700,0.003551,1515475290.786827
0.00360507,0.00365300,0.003551,1515475321.616826
0.00360508,0.00366000,0.003551,1515475352.495981
0.00362396,0.00369900,0.003551,1515475383.414874
0.00363000,0.00367500,0.0036,1515475414.357347
0.00364160,0.00370000,0.0036,1515475445.218212
0.00366000,0.00369000,0.0036,1515475486.057214
0.00366000,0.00368100,0.0036,1515475557.871351
0.00362979,0.00367600,0.0036,1515475588.708398
0.00362979,0.00366100,0.0036,1515475619.550284
0.00362979,0.00364200,0.0036,1515475650.384916
0.00362225,0.00363000,0.0036,1515475681.249453
0.00358965,0.00359700,0.0036,1515475712.153302
0.00359000,0.00366700,0.0036,1515475743.005969
0.00361004,0.00366200,0.00355502,1515475823.720226
0.00361003,0.00363400,0.00355502,1515475902.655475
0.00361004,0.00362200,0.00355502,1515475933.505924
0.00361004,0.00362200,0.00355507,1515475964.347168
0.00361004,0.00364200,0.00355507,1515475995.225842
0.00361004,0.00364400,0.00355507,1515476036.068179
0.00359000,0.00363800,0.00355507,1515476066.905397
0.00359001,0.00363000,0.00355507,1515476097.731263
0.00359814,0.00365000,0.00355507,1515476135.338193
0.00361004,0.00365000,0.00355507,1515476166.167487
0.00361006,0.00365500,0.00355507,1515476196.99123
0.00362000,0.00366500,0.00355507,1515476237.803257
0.00363074,0.00364000,0.00355507,1515476278.104751
0.00363101,0.00366000,0.00355507,1515476308.97463
0.00365771,0.00369900,0.00355507,1515476349.81881
0.00365774,0.00368700,0.00355507,1515476380.653774
0.00366000,0.00369900,0.00355507,1515476451.913807
0.00366749,0.00370100,0.00355507,1515476482.756911
0.00367295,0.00370000,0.00356,1515476513.579691
0.00367500,0.00370100,0.00356,1515476544.426125
0.00367727,0.00371500,0.00356,1515476575.253343
0.00368251,0.00371600,0.00356,1515476618.213345
0.00368409,0.00371600,0.00356,1515476649.118157
0.00368979,0.00370100,0.00356,1515476682.074057
0.00368979,0.00370100,0.00356,1515476716.130256
0.00368000,0.00372600,0.0037,1515476797.415946
0.00369999,0.00373900,0.0037,1515476831.301836
0.00371200,0.00373900,0.0037,1515476872.725403
0.00371300,0.00374200,0.0037,1515476903.685196
0.00370000,0.00373600,0.0037,1515476934.508062
0.00370001,0.00374600,0.0037,1515476965.349359
0.00370001,0.00374200,0.003773,1515476996.173305
0.00370000,0.00373200,0.003773,1515477027.005638
0.00370493,0.00373400,0.003773,1515477057.927463
0.00371300,0.00373900,0.003773,1515477088.755385
0.00371300,0.00371000,0.003773,1515477119.583937
0.00371300,0.00374800,0.003773,1515477150.423231
0.00371300,0.00375000,0.003773,1515477181.235123
0.00371290,0.00375000,0.003773,1515477212.069263
0.00371300,0.00375200,0.003773,1515477242.916427
0.00371300,0.00375000,0.003632,1515477273.754177
0.00371300,0.00375000,0.003632,1515477304.571043
0.00371300,0.00374100,0.003773,1515477335.393301
0.00371300,0.00371300,0.003773,1515477366.201266
0.00371399,0.00371300,0.003773,1515477397.038055
0.00371399,0.00376300,0.003773,1515477427.892125
0.00371399,0.00371200,0.003773,1515477458.700499
0.00371399,0.00373200,0.003773,1515477489.534256
0.00371399,0.00372900,0.003773,1515477520.354673
0.00371471,0.00372100,0.003773,1515477551.179821
0.00372000,0.00371400,0.003773,1515477581.979213
0.00372000,0.00371000,0.003773,1515477612.983347
0.00371471,0.00369700,0.003773,1515477643.805503
0.00371471,0.00369500,0.003773,1515477674.630874
0.00371290,0.00370000,0.003773,1515477705.449158
0.00371500,0.00370100,0.003773,1515477736.327013
0.00371500,0.00370100,0.003773,1515477767.152824
0.00371500,0.00373400,0.003773,1515477798.006306
0.00371500,0.00371400,0.003773,1515477828.831687
0.00371500,0.00371500,0.003771,1515477859.66089
0.00371290,0.00374600,0.00364125,1515477890.497987
0.00371500,0.00374600,0.00364125,1515477921.355298
0.00371500,0.00371900,0.00364125,1515477952.491691
0.00371500,0.00374900,0.00364125,1515477983.319022
0.00372000,0.00375000,0.00364125,1515478014.135454
0.00372120,0.00374700,0.00364125,1515478044.96724
0.00372287,0.00375000,0.00364301,1515478075.785321
0.00372483,0.00373000,0.00364301,1515478106.584129
0.00373814,0.00377700,0.00364301,1515478137.373373
0.00372924,0.00375200,0.00364301,1515478168.186986
0.00372924,0.00375000,0.00364301,1515478199.08584
0.00374279,0.00375000,0.00364301,1515478229.888618
0.00372479,0.00375100,0.00364301,1515478260.676229
0.00372474,0.00375200,0.00364301,1515478291.463954
0.00372294,0.00375500,0.00364301,1515478322.247503
0.00373487,0.00375900,0.00364301,1515478353.02741
0.00373487,0.00377600,0.00364301,1515478383.808713
0.00373487,0.00378000,0.00364301,1515478414.584226
0.00375973,0.00375000,0.00364301,1515478445.364823
0.00375974,0.00377300,0.003662,1515478476.168927
0.00375974,0.00379000,0.003662,1515478506.9722
0.00375974,0.00379000,0.003662,1515478539.194364
0.00375974,0.00375200,0.003662,1515478569.984886
0.00376112,0.00378400,0.003662,1515478600.775357
0.00375974,0.00378800,0.003764,1515478637.789851
0.00376820,0.00373300,0.003764,1515478668.593332
0.00375974,0.00370600,0.003764,1515478709.500677
0.00375974,0.00372500,0.003764,1515478740.318937
0.00375033,0.00370000,0.003764,1515478771.094185
0.00373487,0.00367300,0.003764,1515478802.112646
0.00372287,0.00370000,0.003764,1515478832.922514
0.00372207,0.00369800,0.003764,1515478863.823948
0.00372120,0.00369800,0.003764,1515478897.950851
0.00372119,0.00370000,0.003764,1515478928.744229
0.00370367,0.00369700,0.003764,1515478959.538105
0.00369982,0.00365700,0.003764,1515478990.330304
0.00369982,0.00366000,0.003764,1515479021.107885
0.00367365,0.00366000,0.003766,1515479051.908213
0.00367000,0.00366100,0.003766,1515479082.715863
0.00367000,0.00369200,0.003766,1515479113.547454
0.00369872,0.00369400,0.003766,1515479144.362441
0.00368496,0.00369800,0.003766,1515479175.138427
0.00367000,0.00369500,0.003766,1515479205.916306
0.00366171,0.00369200,0.003766,1515479236.885139
0.00366171,0.00368700,0.003766,1515479267.673774
0.00365895,0.00368700,0.003766,1515479298.881035
0.00367859,0.00369600,0.003766,1515479330.816319
0.00369714,0.00369100,0.003766,1515479361.631928
0.00369669,0.00369000,0.003766,1515479402.472041
0.00364549,0.00369000,0.003766,1515479433.251016
0.00364549,0.00369500,0.003766,1515479464.062193
0.00369615,0.00363000,0.00366444,1515479494.841553
0.00369615,0.00365000,0.00366444,1515479525.83422
0.00364613,0.00367800,0.00366444,1515479556.616837
0.00364623,0.00367600,0.00366444,1515479587.445141
0.00369543,0.00363600,0.00366444,1515479618.247512
0.00369543,0.00367100,0.00366444,1515479649.023189
0.00369543,0.00368700,0.00366444,1515479679.912144
0.00369543,0.00368500,0.003699,1515479710.732708
0.00369461,0.00368500,0.003699,1515479741.541186
0.00366270,0.00366000,0.003699,1515479772.337986
0.00366270,0.00368000,0.00366501,1515479810.395737
0.00366270,0.00367900,0.00366501,1515479841.40988
0.00366802,0.00368500,0.00366501,1515479872.194785
0.00366802,0.00368500,0.00366501,1515479902.990548
0.00366802,0.00369800,0.00366501,1515479933.76769
0.00366802,0.00370000,0.00366501,1515479964.580434
0.00366802,0.00369900,0.00366501,1515480003.79114
0.00367334,0.00369500,0.00366502,1515480075.111881
0.00367334,0.00369500,0.00366502,1515480105.879626
0.00369380,0.00368000,0.00366502,1515480136.666152
0.00367500,0.00368000,0.00366502,1515480167.439275
0.00366274,0.00368700,0.00366502,1515480198.323917
0.00366273,0.00368000,0.00366502,1515480235.763884
0.00366270,0.00368700,0.00366501,1515480266.657477
0.00366270,0.00368600,0.00366501,1515480297.43796
0.00366965,0.00368600,0.00366501,1515480328.212832
0.00366965,0.00368600,0.00366501,1515480359.101852
0.00364548,0.00368600,0.00366504,1515480390.167763
0.00366253,0.00369000,0.00366504,1515480421.063211
0.00366253,0.00369000,0.00366504,1515480451.846549
0.00366244,0.00369000,0.00366502,1515480492.617097
0.00366198,0.00369000,0.00366502,1515480523.409821
0.00366198,0.00369400,0.00366502,1515480554.180918
0.00366198,0.00369000,0.00366502,1515480585.384456
0.00364912,0.00368600,0.00366502,1515480616.178894
0.00364912,0.00368600,0.00366502,1515480647.117698
0.00364912,0.00368600,0.00366502,1515480677.924278
0.00364912,0.00368600,0.00366502,1515480708.790412
0.00366000,0.00368700,0.00366502,1515480739.590149
0.00365456,0.00369400,0.00366502,1515480770.444374
0.00366973,0.00369400,0.00366502,1515480801.213096
0.00365000,0.00363400,0.00366502,1515480832.00952
0.00365000,0.00369100,0.00366502,1515480862.798333
0.00365000,0.00368900,0.00366502,1515480893.618273
0.00365001,0.00369100,0.00366502,1515480924.41217
0.00364143,0.00366200,0.003665,1515480955.168693
0.00365044,0.00368600,0.003665,1515480985.926451
0.00368399,0.00369500,0.003665,1515481016.687188
0.00368399,0.00367100,0.00366501,1515481102.207216
0.00368399,0.00374500,0.00366501,1515481133.072468
0.00369389,0.00371900,0.00369699,1515481170.126732
0.00368505,0.00373500,0.00369798,1515481200.942849
0.00368505,0.00370400,0.00369798,1515481232.469161
0.00369389,0.00370400,0.00369798,1515481263.306992
0.00369389,0.00368500,0.00369798,1515481294.273776
0.00368506,0.00378800,0.003665,1515481325.141317
0.00368506,0.00378800,0.003665,1515481355.982803
0.00369388,0.00376300,0.003665,1515481386.865836
0.00368506,0.00372200,0.003665,1515481424.164492
0.00370000,0.00373100,0.003665,1515481455.30325
0.00370986,0.00373100,0.003665,1515481486.108008
0.00369472,0.00372900,0.003665,1515481516.922374
0.00369472,0.00373500,0.003665,1515481547.70305
0.00372207,0.00374300,0.003665,1515481585.204683
0.00372995,0.00375400,0.003665,1515481639.637283
0.00373000,0.00378100,0.00366445,1515481670.468625
0.00373000,0.00378100,0.003655,1515481701.363147
0.00368514,0.00378700,0.0036644,1515481732.185255
0.00375497,0.00378700,0.0036644,1515481762.997366
0.00375973,0.00379100,0.0036644,1515481794.081827
0.00368609,0.00378900,0.00366445,1515481825.030682
0.00375960,0.00379800,0.00366445,1515481855.849763
0.00368633,0.00379800,0.00366445,1515481886.726527
0.00375960,0.00379000,0.00366445,1515481917.693667
0.00368641,0.00379100,0.00366445,1515481948.577738
0.00368661,0.00379100,0.00366445,1515481979.982876
0.00368673,0.00379100,0.00366445,1515482010.862805
0.00368673,0.00379800,0.00366445,1515482041.768356
0.00368673,0.00379100,0.00366445,1515482072.632871
0.00369004,0.00379200,0.00366445,1515482103.582084
0.00369004,0.00380000,0.00366445,1515482134.47185
0.00374993,0.00379100,0.00366445,1515482165.559688
0.00374999,0.00380000,0.00366445,1515482196.405536
0.00369023,0.00379200,0.00366445,1515482227.27547
0.00369008,0.00379300,0.00369798,1515482258.443509
0.00369008,0.00379300,0.00369798,1515482289.703692
0.00376952,0.00378100,0.00369798,1515482320.517283
0.00376947,0.00379900,0.00369798,1515482378.721325
0.00376926,0.00378100,0.00369798,1515482409.623985
0.00376000,0.00378200,0.00369798,1515482440.433951
0.00376000,0.00380000,0.00369798,1515482471.241359
0.00376201,0.00378200,0.00369798,1515482502.065962
0.00376201,0.00380000,0.00369798,1515482532.925278
0.00376201,0.00380000,0.00369798,1515482572.599258
0.00376306,0.00380000,0.00369798,1515482603.943667
0.00376300,0.00380000,0.00369798,1515482638.756038
0.00376980,0.00380000,0.00369798,1515482714.679727
0.00376310,0.00376100,0.00369798,1515482748.429565
0.00375500,0.00377300,0.0037,1515482783.182855
0.00377021,0.00379100,0.0037,1515482818.423075
0.00373201,0.00377500,0.003795,1515482849.400824
0.00373201,0.00377700,0.003795,1515482880.211751
0.00373213,0.00377800,0.003795,1515482911.017136
0.00373213,0.00379100,0.003795,1515482945.593266
0.00373214,0.00379100,0.003795,1515482976.579386
0.00372616,0.00380000,0.003793,1515483007.387887
0.00372616,0.00380000,0.003793,1515483038.200375
0.00372616,0.00380000,0.00379299,1515483069.0178
0.00372616,0.00380000,0.00379299,1515483099.840684
0.00372616,0.00379900,0.00379299,1515483130.662614
0.00372616,0.00380000,0.00379299,1515483161.541458
0.00372616,0.00379100,0.00379299,1515483192.556198
0.00372616,0.00380000,0.00379299,1515483223.464742
0.00377010,0.00381000,0.00379299,1515483254.282696
0.00377167,0.00382000,0.00379299,1515483285.123169
0.00377585,0.00381300,0.00379299,1515483316.47668
0.00377860,0.00380600,0.003791,1515483350.391702
0.00378888,0.00382500,0.003791,1515483381.267669
0.00379626,0.00383000,0.00379099,1515483412.084287
0.00379966,0.00383000,0.00379099,1515483442.89275
0.00379631,0.00383000,0.003791,1515483475.788608
0.00380000,0.00383000,0.003791,1515483508.060892
0.00380000,0.00383100,0.003791,1515483539.210831
0.00379999,0.00383000,0.003791,1515483572.84541
0.00380000,0.00381500,0.003791,1515483603.668364
0.00380000,0.00383000,0.003791,1515483634.473868
0.00380000,0.00383000,0.003791,1515483665.385581
0.00380000,0.00380300,0.003791,1515483696.938958
0.00379712,0.00378200,0.003791,1515483728.40343
0.00379712,0.00382400,0.003791,1515483759.40797
0.00379712,0.00381700,0.003791,1515484006.328757
0.00380000,0.00381100,0.003791,1515484037.810005
0.00379856,0.00381000,0.00366501,1515484078.39905
0.00379856,0.00381100,0.00366501,1515484113.332683
0.00379856,0.00381100,0.00377999,1515484144.21236
0.00380000,0.00380400,0.00366802,1515484175.084387
0.00380000,0.00380500,0.003669,1515484205.954374
0.00380000,0.00380500,0.003669,1515484236.822767
0.00380000,0.00380500,0.003669,1515484267.683914
0.00380000,0.00381800,0.00378,1515484299.989534
0.00380000,0.00381800,0.003789,1515484331.010037
0.00380000,0.00380200,0.003789,1515484361.930365
0.00380000,0.00380200,0.003789,1515484392.913182
0.00380000,0.00380200,0.003789,1515484425.499567
0.00380000,0.00381700,0.003789,1515484456.393248
0.00380000,0.00381800,0.00379,1515484487.289511
0.00380000,0.00381800,0.00379,1515484518.239217
0.00380000,0.00381800,0.00379,1515484549.098104
0.00380000,0.00382200,0.00379,1515484636.924518
0.00379901,0.00381700,0.00379,1515484667.806695
0.00379901,0.00381700,0.00379,1515484700.581233
0.00379950,0.00383000,0.00379,1515484731.679165
0.00380000,0.00383000,0.00379,1515484762.713592
0.00380000,0.00383000,0.00379,1515484902.394794
0.00379901,0.00383000,0.00379,1515484940.219618
0.00379901,0.00382500,0.00379,1515484971.215198
0.00379901,0.00383000,0.00379,1515485002.330311
